"species","x","y"
"unique_occ",-61.29427,-38.98466
"unique_occ",-62.26501,-38.70266
"unique_occ",-61.87738,-38.29944
"unique_occ",144.3667,-38.0667
"unique_occ",144.9,-37.8833
"unique_occ",144.9010659,-37.88202099
"unique_occ",144.9010029,-37.88193932
"unique_occ",144.9,-37.88
"unique_occ",144.9,-37.8667
"unique_occ",-71.37389,-37.8525
"unique_occ",-71.37398,-37.85249
"unique_occ",144.95,-37.8
"unique_occ",144.9,-37.8
"unique_occ",144.9333,-37.8
"unique_occ",144.87007,-37.64291
"unique_occ",144.86,-37.63
"unique_occ",140.3552852,-37.59733746
"unique_occ",-64.53,-37.41
"unique_occ",-70.28,-37.38
"unique_occ",140.5769383,-37.26122348
"unique_occ",140.7849939,-37.10316078
"unique_occ",140.78,-37.1
"unique_occ",140.7833,-37.1
"unique_occ",140.77,-37.1
"unique_occ",140.7872138,-37.09511071
"unique_occ",-64.28,-37.03
"unique_occ",140.8,-37
"unique_occ",-59.85,-36.78
"unique_occ",142.3925,-36.7253
"unique_occ",142.3925,-36.7252
"unique_occ",142.2,-36.7167
"unique_occ",142.3366415,-36.71148569
"unique_occ",142.25,-36.6667
"unique_occ",140.86179,-36.49476
"unique_occ",144.75,-36.4833
"unique_occ",146.2167,-36.4667
"unique_occ",140.59583,-36.37389004
"unique_occ",140.7391545,-36.3234366
"unique_occ",140.774984,-36.31427625
"unique_occ",144.0167,-36.3
"unique_occ",144.0188368,-36.29897004
"unique_occ",144.06667,-36.26667
"unique_occ",144.25,-36.2167
"unique_occ",140.3563764,-36.15065875
"unique_occ",143.7167,-36.1167
"unique_occ",140.3544258,-36.09815847
"unique_occ",144.6333,-35.9167
"unique_occ",146.0753,-35.91669003
"unique_occ",144.63,-35.91
"unique_occ",144.6,-35.9
"unique_occ",-70.8906,-35.8156
"unique_occ",144.6,-35.8
"unique_occ",146.9,-35.77
"unique_occ",145.56429,-35.70172003
"unique_occ",146.9,-35.7
"unique_occ",147.02,-35.67
"unique_occ",145.8,-35.67
"unique_occ",137.59667,-35.66833
"unique_occ",145.57,-35.65
"unique_occ",138.22253,-35.64167
"unique_occ",145.5677,-35.632005
"unique_occ",137.4872287,-35.60984913
"unique_occ",145.6,-35.6
"unique_occ",145.8,-35.6
"unique_occ",147,-35.6
"unique_occ",145.616,-35.57280003
"unique_occ",139.2466607,-35.55900441
"unique_occ",138.619167,-35.55178947
"unique_occ",138.681106,-35.5240088
"unique_occ",138.69244,-35.52348
"unique_occ",138.68333,-35.51667
"unique_occ",143.6531,-35.5164
"unique_occ",138.26278,-35.51123215
"unique_occ",140.64911,-35.48422
"unique_occ",138.33892,-35.47552
"unique_occ",138.33919,-35.47503
"unique_occ",140.62751,-35.47379
"unique_occ",138.2922192,-35.47095167
"unique_occ",138.324,-35.47002
"unique_occ",138.32118,-35.46775
"unique_occ",138.32043,-35.46448
"unique_occ",138.31768,-35.46006
"unique_occ",138.35006,-35.44303
"unique_occ",138.3504,-35.4426
"unique_occ",140.52259,-35.42078
"unique_occ",140.5117,-35.42078
"unique_occ",140.52571,-35.42078
"unique_occ",140.52209,-35.42077
"unique_occ",140.52734,-35.42077
"unique_occ",140.52016,-35.42077
"unique_occ",140.52329,-35.42076
"unique_occ",140.52445,-35.42076
"unique_occ",140.51744,-35.42076
"unique_occ",140.51796,-35.42076
"unique_occ",140.51708,-35.42073
"unique_occ",147.62,-35.42
"unique_occ",140.49689,-35.40697
"unique_occ",139.3994272,-35.39928226
"unique_occ",-64.9208,-35.3869
"unique_occ",140.15,-35.38333
"unique_occ",142.1902371,-35.38175996
"unique_occ",138.98956,-35.38007
"unique_occ",140.6266441,-35.37621229
"unique_occ",145.72,-35.37
"unique_occ",142.1833,-35.3667
"unique_occ",139.40056,-35.36667003
"unique_occ",146.08943,-35.36147003
"unique_occ",142.18,-35.36
"unique_occ",139.00366,-35.35767
"unique_occ",138.9927,-35.34673
"unique_occ",138.99039,-35.34001
"unique_occ",138.98976,-35.33981
"unique_occ",138.99085,-35.33976
"unique_occ",138.98991,-35.33957
"unique_occ",138.99085,-35.33953
"unique_occ",140.41819,-35.33913
"unique_occ",138.99105,-35.33903
"unique_occ",138.99208,-35.33825
"unique_occ",138.99235,-35.33822
"unique_occ",138.99339,-35.33619
"unique_occ",138.99925,-35.33604
"unique_occ",138.99343,-35.33527
"unique_occ",138.99452,-35.33453
"unique_occ",145.7166,-35.3333
"unique_occ",145.7167,-35.3333
"unique_occ",139.00786,-35.33272
"unique_occ",139.00794,-35.3324
"unique_occ",138.943601,-35.33233556
"unique_occ",146.2676879,-35.3319985
"unique_occ",140.52635,-35.32995
"unique_occ",140.52635,-35.32974
"unique_occ",139.0078,-35.32952
"unique_occ",140.4399755,-35.32899352
"unique_occ",140.5169147,-35.32899291
"unique_occ",138.99748,-35.32852
"unique_occ",139.00836,-35.32469
"unique_occ",138.99809,-35.32469
"unique_occ",148.95035,-35.32222003
"unique_occ",139.00919,-35.32169
"unique_occ",138.99697,-35.32081
"unique_occ",138.9968,-35.31689
"unique_occ",138.98757,-35.31642
"unique_occ",138.99074,-35.31447
"unique_occ",138.98338,-35.31128
"unique_occ",138.97495,-35.3088
"unique_occ",138.47628,-35.30775
"unique_occ",139.01881,-35.30734
"unique_occ",145.659,-35.3019
"unique_occ",145.7,-35.3
"unique_occ",147.6,-35.3
"unique_occ",138.96609,-35.29935
"unique_occ",139.01304,-35.29903
"unique_occ",140.6756,-35.2963
"unique_occ",139.48064,-35.27867
"unique_occ",139.47946,-35.27787
"unique_occ",140.60827,-35.27755
"unique_occ",139.47218,-35.27182
"unique_occ",138.48,-35.27
"unique_occ",146.9667,-35.2667
"unique_occ",138.48333,-35.26667
"unique_occ",139.42534,-35.26342
"unique_occ",138.8961006,-35.25400549
"unique_occ",140.94279,-35.25214
"unique_occ",138.9,-35.25
"unique_occ",138.91872,-35.24985
"unique_occ",138.92326,-35.24777
"unique_occ",140.60071,-35.23517
"unique_occ",140.6181,-35.23471
"unique_occ",140.61366,-35.23468
"unique_occ",140.61538,-35.23466
"unique_occ",138.4758245,-35.22983875
"unique_occ",140.62159,-35.22027
"unique_occ",140.62144,-35.22009
"unique_occ",140.6202,-35.21865
"unique_occ",140.61949,-35.21787
"unique_occ",140.61894,-35.21719
"unique_occ",140.61784,-35.21583
"unique_occ",146.4125,-35.2131
"unique_occ",146.4125,-35.213
"unique_occ",140.61562,-35.21229
"unique_occ",140.61431,-35.20854
"unique_occ",140.61456,-35.20838
"unique_occ",140.61352,-35.20636
"unique_occ",140.78552,-35.20435
"unique_occ",140.78502,-35.20359
"unique_occ",140.61097,-35.2022
"unique_occ",140.61013,-35.20056
"unique_occ",138.5,-35.2
"unique_occ",140.78553,-35.19694
"unique_occ",140.60777,-35.19556
"unique_occ",140.5424,-35.19502
"unique_occ",140.54947,-35.195
"unique_occ",140.55221,-35.19455
"unique_occ",140.78518,-35.19374
"unique_occ",139.3491553,-35.1926115
"unique_occ",140.78557,-35.19194
"unique_occ",140.50435,-35.18609
"unique_occ",140.78038,-35.18601
"unique_occ",140.50423,-35.186
"unique_occ",140.50378,-35.18552
"unique_occ",140.50322,-35.18488
"unique_occ",140.50209,-35.18356
"unique_occ",140.50194,-35.18349
"unique_occ",138.51918,-35.17358
"unique_occ",138.50717,-35.1724
"unique_occ",138.9477691,-35.1701146
"unique_occ",147.37,-35.17
"unique_occ",138.66667,-35.16667
"unique_occ",138.47902,-35.16584
"unique_occ",138.53257,-35.16412
"unique_occ",138.48173,-35.16302
"unique_occ",138.50352,-35.15723
"unique_occ",138.4763835,-35.14761827
"unique_occ",139.02626,-35.14664
"unique_occ",139.2735952,-35.1201117
"unique_occ",147.37,-35.12
"unique_occ",139.90973,-35.10264
"unique_occ",147.4,-35.1
"unique_occ",139.95353,-35.09269
"unique_occ",138.5372122,-35.08955744
"unique_occ",148.1009914,-35.06532405
"unique_occ",139.26528,-35.05611003
"unique_occ",138.6513807,-35.05566633
"unique_occ",138.5125,-35.055
"unique_occ",139.11667,-35.05
"unique_occ",138.55711,-35.04343
"unique_occ",138.5861,-35.03868
"unique_occ",138.55055,-35.03631
"unique_occ",138.5608213,-35.03483694
"unique_occ",138.5697112,-35.02983684
"unique_occ",138.5952708,-35.02122658
"unique_occ",138.5613811,-35.01511682
"unique_occ",138.5833,-35
"unique_occ",147.4,-35
"unique_occ",138.55,-35
"unique_occ",138.58,-35
"unique_occ",138.553321,-34.99872679
"unique_occ",138.5619308,-34.9953967
"unique_occ",138.6049903,-34.98816632
"unique_occ",138.5669306,-34.98289659
"unique_occ",138.5908204,-34.9823364
"unique_occ",138.519991,-34.97650693
"unique_occ",139.0855351,-34.95150227
"unique_occ",138.58368,-34.94506
"unique_occ",138.58361,-34.94500003
"unique_occ",138.5991597,-34.92844602
"unique_occ",138.6422,-34.92145
"unique_occ",138.64222,-34.92139003
"unique_occ",148.17,-34.92
"unique_occ",138.5952695,-34.90678593
"unique_occ",138.71061,-34.90338
"unique_occ",138.63333,-34.9
"unique_occ",138.629429,-34.89761561
"unique_occ",138.71825,-34.89433
"unique_occ",138.6388787,-34.87955543
"unique_occ",147.57,-34.87
"unique_occ",147.584326,-34.86532712
"unique_occ",147.58455,-34.86512003
"unique_occ",138.6763781,-34.86066502
"unique_occ",147.5806,-34.8583
"unique_occ",147.5805,-34.8583
"unique_occ",138.6122087,-34.85650551
"unique_occ",138.61667,-34.85
"unique_occ",138.73333,-34.85
"unique_occ",138.62,-34.85
"unique_occ",138.73817,-34.83905
"unique_occ",138.4977696,-34.83678632
"unique_occ",138.7,-34.83333
"unique_occ",138.6872077,-34.83289478
"unique_occ",138.90819,-34.8259
"unique_occ",138.61639,-34.82389003
"unique_occ",138.7316571,-34.82372438
"unique_occ",138.68333,-34.81667
"unique_occ",138.59611,-34.81306003
"unique_occ",140.6457973,-34.80842918
"unique_occ",138.90539,-34.80642
"unique_occ",138.60583,-34.80306
"unique_occ",138.6266579,-34.8028951
"unique_occ",147.6,-34.8
"unique_occ",148.2,-34.8
"unique_occ",138.68332,-34.78568
"unique_occ",138.68749,-34.78512
"unique_occ",138.69614,-34.78482
"unique_occ",138.69415,-34.78429
"unique_occ",138.68331,-34.78401
"unique_occ",138.68333,-34.78333
"unique_occ",138.69304,-34.78235
"unique_occ",138.68331,-34.78207
"unique_occ",138.68109,-34.78207
"unique_occ",138.67998,-34.78207
"unique_occ",138.67554,-34.78207
"unique_occ",138.68109,-34.78124
"unique_occ",138.6736,-34.78123
"unique_occ",138.6747,-34.78123
"unique_occ",138.69415,-34.78068
"unique_occ",138.6911,-34.78068
"unique_occ",138.67804,-34.78041
"unique_occ",138.68888,-34.7804
"unique_occ",138.67692,-34.7804
"unique_occ",138.67998,-34.7804
"unique_occ",138.67887,-34.7804
"unique_occ",138.68998,-34.7804
"unique_occ",138.67582,-34.78013
"unique_occ",138.6747,-34.78013
"unique_occ",138.68,-34.78
"unique_occ",138.68998,-34.77957
"unique_occ",138.67582,-34.77929
"unique_occ",138.67915,-34.77929
"unique_occ",138.67803,-34.77929
"unique_occ",138.69038,-34.77898
"unique_occ",138.68998,-34.77874
"unique_occ",138.69443,-34.77873
"unique_occ",138.67582,-34.77846
"unique_occ",138.68027,-34.77846
"unique_occ",138.67804,-34.77846
"unique_occ",138.67915,-34.77846
"unique_occ",138.67692,-34.77846
"unique_occ",138.67692,-34.77763
"unique_occ",138.68248,-34.77762
"unique_occ",138.68137,-34.77762
"unique_occ",138.67915,-34.77762
"unique_occ",138.67804,-34.77762
"unique_occ",138.68026,-34.77679
"unique_occ",138.67804,-34.77679
"unique_occ",138.67915,-34.77679
"unique_occ",138.68026,-34.77596
"unique_occ",138.68332,-34.77595
"unique_occ",138.67804,-34.77568
"unique_occ",138.67915,-34.77485
"unique_occ",138.69318,-34.7735
"unique_occ",145.26272,-34.76856003
"unique_occ",138.63333,-34.76667
"unique_occ",138.5863779,-34.76594521
"unique_occ",138.6410973,-34.76428476
"unique_occ",139.21446,-34.76022
"unique_occ",139.21272,-34.76001
"unique_occ",139.21275,-34.76
"unique_occ",139.21272,-34.75998
"unique_occ",139.21504,-34.75882
"unique_occ",139.21973,-34.75661
"unique_occ",139.22059,-34.75541
"unique_occ",139.21438,-34.75353
"unique_occ",138.5824878,-34.75344517
"unique_occ",139.22203,-34.75309
"unique_occ",139.22224,-34.75257
"unique_occ",139.22232,-34.75217
"unique_occ",139.22297,-34.75045
"unique_occ",146.55,-34.75
"unique_occ",139.21653,-34.7498
"unique_occ",139.21656,-34.74979
"unique_occ",139.21683,-34.74926
"unique_occ",139.21685,-34.74919
"unique_occ",139.265,-34.74888
"unique_occ",139.22219,-34.74849
"unique_occ",139.21287,-34.74812
"unique_occ",139.22397,-34.74796
"unique_occ",139.22398,-34.74781
"unique_occ",139.23672,-34.74778
"unique_occ",139.30443,-34.74762
"unique_occ",139.26642,-34.74648
"unique_occ",139.22032,-34.74647
"unique_occ",139.2194,-34.74541
"unique_occ",139.21964,-34.74526
"unique_occ",139.22279,-34.74435
"unique_occ",138.56856,-34.74352
"unique_occ",139.23025,-34.74299
"unique_occ",138.9397041,-34.74261227
"unique_occ",139.22071,-34.74237
"unique_occ",138.5355381,-34.74233548
"unique_occ",139.27017,-34.73945
"unique_occ",139.27094,-34.73782
"unique_occ",139.27153,-34.73693
"unique_occ",139.25975,-34.73614
"unique_occ",139.26031,-34.73592
"unique_occ",148.05,-34.7333
"unique_occ",140.55348,-34.73295
"unique_occ",139.26981,-34.73085
"unique_occ",148.05,-34.73
"unique_occ",140.70128,-34.72443
"unique_occ",140.69899,-34.72407
"unique_occ",140.62457,-34.7214
"unique_occ",140.7302454,-34.71926807
"unique_occ",139.36856,-34.71631
"unique_occ",138.55782,-34.71568
"unique_occ",138.56705,-34.7136
"unique_occ",138.5726,-34.71253
"unique_occ",138.57254,-34.71236
"unique_occ",138.59006,-34.71109
"unique_occ",138.58986,-34.711
"unique_occ",138.55873,-34.71026
"unique_occ",138.57889,-34.70615
"unique_occ",138.57874,-34.70601
"unique_occ",138.60725,-34.70594
"unique_occ",146.5160079,-34.70199431
"unique_occ",138.58176,-34.70108
"unique_occ",138.58189,-34.70093
"unique_occ",146.6,-34.7
"unique_occ",138.55829,-34.69938
"unique_occ",138.59806,-34.69805
"unique_occ",138.59787,-34.69797
"unique_occ",138.6430365,-34.69594437
"unique_occ",139.33966,-34.69512
"unique_occ",139.33939,-34.69292
"unique_occ",138.7688,-34.69015
"unique_occ",138.7688,-34.69004
"unique_occ",138.61049,-34.68961
"unique_occ",138.61898,-34.6874
"unique_occ",138.59074,-34.6873
"unique_occ",138.56673,-34.68547
"unique_occ",145.29439,-34.68282003
"unique_occ",138.56008,-34.68268
"unique_occ",138.70229,-34.68154
"unique_occ",138.58994,-34.68097
"unique_occ",138.76912,-34.68051
"unique_occ",138.52251,-34.68047
"unique_occ",138.54586,-34.6803
"unique_occ",138.58418,-34.67848
"unique_occ",138.62484,-34.6781
"unique_occ",138.77197,-34.67752
"unique_occ",140.51695,-34.6762
"unique_occ",140.70743,-34.67588
"unique_occ",138.56314,-34.67512
"unique_occ",138.53638,-34.67409
"unique_occ",138.52307,-34.67378
"unique_occ",138.52328,-34.67373
"unique_occ",138.7712,-34.67348
"unique_occ",138.53029,-34.67247
"unique_occ",138.53023,-34.6723
"unique_occ",138.63069,-34.66881
"unique_occ",138.6166,-34.66873
"unique_occ",138.560817,-34.66816487
"unique_occ",138.5262,-34.66682
"unique_occ",147.5333,-34.6667
"unique_occ",-58.33333,-34.66667
"unique_occ",139.30944,-34.6661
"unique_occ",138.53495,-34.66504
"unique_occ",138.545,-34.66484
"unique_occ",138.60623,-34.66405
"unique_occ",138.63088,-34.663
"unique_occ",138.52863,-34.66087
"unique_occ",138.52883,-34.6608
"unique_occ",147.53,-34.66
"unique_occ",138.6367,-34.65946
"unique_occ",138.60845,-34.65916
"unique_occ",138.6168,-34.65691
"unique_occ",139.30135,-34.65552
"unique_occ",138.52926,-34.65508
"unique_occ",140.69398,-34.65488
"unique_occ",140.69231,-34.65227
"unique_occ",138.53857,-34.65197
"unique_occ",139.29817,-34.65166
"unique_occ",139.25284,-34.65093
"unique_occ",138.77327,-34.64997
"unique_occ",138.57884,-34.64916
"unique_occ",138.58183,-34.6489
"unique_occ",138.54494,-34.64742
"unique_occ",138.62278,-34.6463
"unique_occ",138.45985,-34.64593
"unique_occ",138.78723,-34.64557
"unique_occ",138.78782,-34.6451
"unique_occ",138.54062,-34.64492
"unique_occ",139.37091,-34.6448
"unique_occ",138.78923,-34.64421
"unique_occ",140.68603,-34.64246
"unique_occ",140.68622,-34.64238
"unique_occ",138.79176,-34.64218
"unique_occ",138.79176,-34.64188
"unique_occ",138.79178,-34.64175
"unique_occ",138.79192,-34.64133
"unique_occ",138.79194,-34.6411
"unique_occ",138.54842,-34.64104
"unique_occ",138.76912,-34.63972
"unique_occ",138.54846,-34.63846
"unique_occ",138.47185,-34.63261
"unique_occ",138.73056,-34.63250003
"unique_occ",138.47182,-34.63221
"unique_occ",138.51702,-34.63086
"unique_occ",138.78547,-34.63017
"unique_occ",138.66401,-34.62993
"unique_occ",140.67802,-34.62955
"unique_occ",138.68079,-34.62917
"unique_occ",138.78053,-34.6291
"unique_occ",138.76378,-34.62856
"unique_occ",138.76384,-34.62852
"unique_occ",138.76386,-34.62847
"unique_occ",138.76377,-34.62847
"unique_occ",138.76335,-34.62812
"unique_occ",138.76276,-34.62797
"unique_occ",138.76321,-34.62782
"unique_occ",138.76254,-34.62733
"unique_occ",138.7628,-34.62703
"unique_occ",138.76173,-34.62612
"unique_occ",138.53863,-34.62563
"unique_occ",138.76137,-34.62532
"unique_occ",138.53066,-34.62532
"unique_occ",138.53852,-34.62493
"unique_occ",138.78577,-34.62491
"unique_occ",138.53165,-34.62477
"unique_occ",138.76007,-34.62416
"unique_occ",138.76222,-34.62326
"unique_occ",138.75775,-34.62299
"unique_occ",138.75681,-34.62264
"unique_occ",138.67282,-34.62263
"unique_occ",138.62372,-34.62234
"unique_occ",138.77526,-34.62207
"unique_occ",138.79162,-34.62192
"unique_occ",138.53577,-34.61845
"unique_occ",138.50913,-34.61784
"unique_occ",140.67059,-34.61656
"unique_occ",138.50911,-34.61236
"unique_occ",138.5233,-34.60878
"unique_occ",138.50959,-34.60695
"unique_occ",140.66703,-34.60562
"unique_occ",139.3027,-34.60555
"unique_occ",146.16038,-34.60188003
"unique_occ",146.42,-34.6
"unique_occ",139.28102,-34.58904
"unique_occ",138.43881,-34.58583
"unique_occ",140.08333,-34.58333
"unique_occ",138.55461,-34.57491
"unique_occ",139.29063,-34.57428
"unique_occ",139.28872,-34.57301
"unique_occ",139.29147,-34.57293
"unique_occ",138.52614,-34.57231
"unique_occ",138.52612,-34.57208
"unique_occ",138.56435,-34.57003
"unique_occ",148.37,-34.57
"unique_occ",139.29994,-34.56945
"unique_occ",138.7398,-34.56663
"unique_occ",138.41221,-34.56608
"unique_occ",138.69819,-34.56333
"unique_occ",138.74071,-34.56304
"unique_occ",139.30923,-34.56234
"unique_occ",138.41197,-34.56075
"unique_occ",138.41178,-34.56058
"unique_occ",138.6964,-34.56054
"unique_occ",138.41193,-34.56002
"unique_occ",138.73256,-34.55976
"unique_occ",139.30392,-34.55951
"unique_occ",138.74119,-34.55951
"unique_occ",139.24354,-34.55785
"unique_occ",139.31539,-34.55731
"unique_occ",139.31094,-34.55726
"unique_occ",138.70917,-34.55717
"unique_occ",138.7374,-34.55642
"unique_occ",139.25991,-34.55583
"unique_occ",138.41173,-34.55523
"unique_occ",138.73541,-34.55511
"unique_occ",138.84658,-34.55493
"unique_occ",139.30382,-34.55442
"unique_occ",139.31011,-34.55418
"unique_occ",138.74204,-34.55414
"unique_occ",139.27729,-34.55403
"unique_occ",139.27738,-34.55357
"unique_occ",138.73564,-34.55323
"unique_occ",139.24083,-34.55297
"unique_occ",139.27657,-34.55283
"unique_occ",138.41162,-34.55236
"unique_occ",138.73597,-34.55209
"unique_occ",138.41155,-34.55169
"unique_occ",138.41135,-34.55139
"unique_occ",138.77187,-34.55054
"unique_occ",138.4113,-34.55021
"unique_occ",138.41148,-34.55016
"unique_occ",-58.45,-34.55
"unique_occ",138.41127,-34.54983
"unique_occ",138.54915,-34.54927
"unique_occ",138.41146,-34.54918
"unique_occ",138.54988,-34.54909
"unique_occ",138.54905,-34.54908
"unique_occ",139.3101,-34.54884
"unique_occ",146.4010077,-34.5486646
"unique_occ",139.30389,-34.54812
"unique_occ",138.41118,-34.54765
"unique_occ",138.72789,-34.54732
"unique_occ",139.27904,-34.54694
"unique_occ",139.30381,-34.54614
"unique_occ",139.30379,-34.54611
"unique_occ",139.24198,-34.54524
"unique_occ",138.73521,-34.54333
"unique_occ",138.52432,-34.54181
"unique_occ",138.73179,-34.54172
"unique_occ",139.26577,-34.54066
"unique_occ",138.75602,-34.54028
"unique_occ",138.39481,-34.54015
"unique_occ",138.39557,-34.54002
"unique_occ",138.39695,-34.53984
"unique_occ",139.27972,-34.53891
"unique_occ",139.30208,-34.53844
"unique_occ",139.30212,-34.53842
"unique_occ",139.30221,-34.53761
"unique_occ",139.26438,-34.5362
"unique_occ",139.26534,-34.53566
"unique_occ",138.5236,-34.53285
"unique_occ",139.28006,-34.5317
"unique_occ",139.2973,-34.53164
"unique_occ",139.29729,-34.53162
"unique_occ",139.30079,-34.53161
"unique_occ",139.30944,-34.53124
"unique_occ",139.2928,-34.53124
"unique_occ",139.3096,-34.53124
"unique_occ",139.2866,-34.53081
"unique_occ",139.27991,-34.52842
"unique_occ",139.27992,-34.52839
"unique_occ",138.6858141,-34.5281631
"unique_occ",135.6789022,-34.52652715
"unique_occ",138.81649,-34.5256
"unique_occ",138.8404,-34.52373
"unique_occ",138.43661,-34.52137
"unique_occ",138.43563,-34.51907
"unique_occ",138.43659,-34.51849
"unique_occ",140.60662,-34.51478
"unique_occ",139.27455,-34.51449
"unique_occ",139.27052,-34.51448
"unique_occ",138.43661,-34.51447
"unique_occ",139.27052,-34.51446
"unique_occ",139.27469,-34.51441
"unique_occ",139.26239,-34.51439
"unique_occ",139.27055,-34.51437
"unique_occ",139.2643,-34.51434
"unique_occ",138.43661,-34.51417
"unique_occ",139.25782,-34.51408
"unique_occ",139.25823,-34.51404
"unique_occ",139.25267,-34.51325
"unique_occ",138.55947,-34.51262
"unique_occ",138.55937,-34.51238
"unique_occ",138.56376,-34.51234
"unique_occ",138.66613,-34.51233
"unique_occ",138.54081,-34.51177
"unique_occ",138.51427,-34.50882
"unique_occ",138.51859,-34.5058
"unique_occ",139.07427,-34.50469
"unique_occ",138.54816,-34.50271
"unique_occ",138.54819,-34.5027
"unique_occ",135.5239033,-34.50124825
"unique_occ",138.52523,-34.50112
"unique_occ",138.64897,-34.50028
"unique_occ",138.64895,-34.5001
"unique_occ",146.4,-34.5
"unique_occ",135.53333,-34.5
"unique_occ",148.4,-34.5
"unique_occ",138.57764,-34.49784
"unique_occ",138.71438,-34.49741
"unique_occ",139.053,-34.49724
"unique_occ",140.59615,-34.49338
"unique_occ",138.58527,-34.48805
"unique_occ",138.40421,-34.4868
"unique_occ",138.41772,-34.4837
"unique_occ",138.43018,-34.4747
"unique_occ",138.43594,-34.47422
"unique_occ",138.4297,-34.47418
"unique_occ",138.88497,-34.46955
"unique_occ",138.72064,-34.45497
"unique_occ",148.3167,-34.45
"unique_occ",148.32,-34.45
"unique_occ",148.31,-34.45
"unique_occ",148.72,-34.45
"unique_occ",145.809344,-34.44866855
"unique_occ",148.317652,-34.44865053
"unique_occ",136.0422281,-34.44707372
"unique_occ",138.50274,-34.43516
"unique_occ",146.3010077,-34.43199492
"unique_occ",138.47725,-34.42218
"unique_occ",135.5255623,-34.42096773
"unique_occ",138.40665,-34.41756
"unique_occ",138.39516,-34.41753
"unique_occ",146.3,-34.41667
"unique_occ",135.6464012,-34.4120767
"unique_occ",138.39045,-34.40783
"unique_occ",135.7,-34.4
"unique_occ",148.3,-34.4
"unique_occ",138.68352,-34.39953
"unique_occ",138.45657,-34.39579
"unique_occ",138.63379,-34.38997
"unique_occ",140.8596802,-34.38481541
"unique_occ",135.8713988,-34.3818047
"unique_occ",146.01141,-34.38073003
"unique_occ",138.68557,-34.37762
"unique_occ",138.46925,-34.37757
"unique_occ",136.08,-34.36
"unique_occ",138.6827622,-34.3576122
"unique_occ",147.22,-34.35
"unique_occ",138.91667,-34.35
"unique_occ",140.5780127,-34.34453738
"unique_occ",146.03434,-34.3319965
"unique_occ",147.2176651,-34.33198798
"unique_occ",136.10472,-34.32861
"unique_occ",138.9983,-34.32854
"unique_occ",140.5207929,-34.30370762
"unique_occ",147.2,-34.3
"unique_occ",138.6649817,-34.29955202
"unique_occ",138.3663746,-34.29344433
"unique_occ",140.6024618,-34.2834269
"unique_occ",138.54417,-34.27333
"unique_occ",138.5452626,-34.27205281
"unique_occ",146.02,-34.27
"unique_occ",140.5435722,-34.26592726
"unique_occ",138.68,-34.25
"unique_occ",138.6833,-34.25
"unique_occ",138.6897008,-34.23650149
"unique_occ",138.6667,-34.2333
"unique_occ",146.0144,-34.2331
"unique_occ",146.0144,-34.233
"unique_occ",138.67967,-34.2301
"unique_occ",138.7288702,-34.22316111
"unique_occ",140.4496826,-34.21592774
"unique_occ",146,-34.2
"unique_occ",138.6897003,-34.19316126
"unique_occ",137.5886008,-34.18455985
"unique_occ",137.5477711,-34.17956014
"unique_occ",140.63853,-34.17669
"unique_occ",135.73333,-34.15
"unique_occ",138.68333,-34.15
"unique_occ",138.6896998,-34.14955102
"unique_occ",138.73217,-34.13908
"unique_occ",146.1,-34.1333
"unique_occ",146.1,-34.13
"unique_occ",138.58269,-34.10476
"unique_occ",137.5885995,-34.06733919
"unique_occ",138.0041554,-34.0606659
"unique_occ",138.01667,-34.05
"unique_occ",139.0017,-34.04331
"unique_occ",135.5944472,-34.02846475
"unique_occ",138.6852585,-34.02761041
"unique_occ",148.55,-34.02
"unique_occ",147.00122,-33.99847003
"unique_occ",137.71848,-33.9555
"unique_occ",137.7317,-33.9392
"unique_occ",137.63333,-33.93333
"unique_occ",137.6288776,-33.93316813
"unique_occ",137.74514,-33.9209
"unique_occ",137.74495,-33.9208
"unique_occ",147.2,-33.92
"unique_occ",148.6,-33.9
"unique_occ",148.17,-33.9
"unique_occ",151.0441,-33.87764003
"unique_occ",22.875,-33.875
"unique_occ",136.4055481,-33.86373733
"unique_occ",139.06368,-33.85982
"unique_occ",138.5516478,-33.84900051
"unique_occ",138.50034,-33.84761
"unique_occ",138.95886,-33.8457
"unique_occ",138.95896,-33.84565
"unique_occ",138.95883,-33.8452
"unique_occ",138.95882,-33.84503
"unique_occ",117.64,-33.84333003
"unique_occ",138.96217,-33.84294
"unique_occ",138.95783,-33.83879
"unique_occ",138.95777,-33.83835
"unique_occ",138.96408,-33.83481
"unique_occ",138.49167,-33.83333
"unique_occ",136.33333,-33.83333
"unique_occ",138.95377,-33.83145
"unique_occ",138.95375,-33.83108
"unique_occ",138.92303,-33.82877
"unique_occ",138.95166,-33.82731
"unique_occ",138.92343,-33.82716
"unique_occ",138.92427,-33.82312
"unique_occ",138.92428,-33.82306
"unique_occ",138.92428,-33.82302
"unique_occ",138.94856,-33.82118
"unique_occ",138.94776,-33.82071
"unique_occ",138.9473,-33.82058
"unique_occ",138.94685,-33.82043
"unique_occ",138.94671,-33.8203
"unique_occ",138.94641,-33.82027
"unique_occ",138.94648,-33.82021
"unique_occ",148.67,-33.82
"unique_occ",138.92691,-33.81889
"unique_occ",138.92919,-33.8188
"unique_occ",138.92619,-33.81867
"unique_occ",138.93546,-33.81857
"unique_occ",138.93562,-33.81857
"unique_occ",138.93527,-33.81857
"unique_occ",138.93422,-33.81855
"unique_occ",138.93439,-33.81851
"unique_occ",138.93225,-33.81836
"unique_occ",138.93128,-33.81829
"unique_occ",138.92559,-33.81827
"unique_occ",138.92539,-33.8182
"unique_occ",138.92551,-33.8181
"unique_occ",138.92472,-33.81779
"unique_occ",138.92299,-33.81643
"unique_occ",138.88585,-33.81548
"unique_occ",148.6843008,-33.81531617
"unique_occ",138.92163,-33.81499
"unique_occ",138.88665,-33.81486
"unique_occ",138.92137,-33.81469
"unique_occ",138.887,-33.81461
"unique_occ",138.92111,-33.81441
"unique_occ",138.93733,-33.81414
"unique_occ",138.93748,-33.81401
"unique_occ",138.9377,-33.81384
"unique_occ",138.93791,-33.81374
"unique_occ",138.93783,-33.81374
"unique_occ",138.91963,-33.81289
"unique_occ",138.91042,-33.81108
"unique_occ",138.89484,-33.81106
"unique_occ",138.89384,-33.81105
"unique_occ",138.91059,-33.81104
"unique_occ",138.90995,-33.81102
"unique_occ",138.90275,-33.81088
"unique_occ",138.90233,-33.81086
"unique_occ",138.90301,-33.81083
"unique_occ",137.9330333,-33.81066509
"unique_occ",138.90589,-33.80359
"unique_occ",136.4,-33.8
"unique_occ",148.2,-33.8
"unique_occ",147.2,-33.8
"unique_occ",138.89906,-33.79138
"unique_occ",138.90097,-33.77897
"unique_occ",138.06277,-33.77822
"unique_occ",136.8677729,-33.7765132
"unique_occ",138.90048,-33.77553
"unique_occ",138.6255262,-33.76788951
"unique_occ",138.6255261,-33.76232948
"unique_occ",136.5774953,-33.75456535
"unique_occ",136.41667,-33.75
"unique_occ",139.05638,-33.74577
"unique_occ",139.0564,-33.74566
"unique_occ",139.05798,-33.74257
"unique_occ",139.05222,-33.73767
"unique_occ",139.05192,-33.73746
"unique_occ",139.05182,-33.7374
"unique_occ",139.02132,-33.73737
"unique_occ",139.05156,-33.73722
"unique_occ",139.05141,-33.73708
"unique_occ",139.05113,-33.73691
"unique_occ",139.05104,-33.73685
"unique_occ",139.05095,-33.7368
"unique_occ",139.05088,-33.73674
"unique_occ",139.05079,-33.73668
"unique_occ",139.0506,-33.73651
"unique_occ",139.01973,-33.73473
"unique_occ",136.39917,-33.73083003
"unique_occ",139.0446,-33.7296
"unique_occ",139.04453,-33.72949
"unique_occ",139.03948,-33.72248
"unique_occ",139.01177,-33.72103
"unique_occ",138.8833,-33.7167
"unique_occ",139.02914,-33.71415
"unique_occ",151.01978,-33.71314003
"unique_occ",138.92356,-33.71181
"unique_occ",138.0444211,-33.71011369
"unique_occ",138.88,-33.71
"unique_occ",138.92434,-33.70773
"unique_occ",138.6619151,-33.70732892
"unique_occ",139.01665,-33.70596
"unique_occ",138.92992,-33.70547
"unique_occ",139.0148,-33.70496
"unique_occ",139.01419,-33.70464
"unique_occ",139.01419,-33.70447
"unique_occ",138.92548,-33.70322
"unique_occ",139.00527,-33.70072
"unique_occ",139.00476,-33.70047
"unique_occ",148.7,-33.7
"unique_occ",136.5,-33.7
"unique_occ",139.00381,-33.69996
"unique_occ",138.90594,-33.6999
"unique_occ",136.31361,-33.69944003
"unique_occ",139.00255,-33.69934
"unique_occ",138.9096926,-33.69927698
"unique_occ",138.92579,-33.69917
"unique_occ",139.00189,-33.69894
"unique_occ",138.92617,-33.69744
"unique_occ",138.99894,-33.69718
"unique_occ",138.90969,-33.69611
"unique_occ",138.99757,-33.69608
"unique_occ",138.91046,-33.69594
"unique_occ",138.91075,-33.69588
"unique_occ",138.91163,-33.6957
"unique_occ",137.0347105,-33.69567145
"unique_occ",138.92649,-33.69562
"unique_occ",138.91206,-33.69562
"unique_occ",138.91197,-33.69561
"unique_occ",138.91283,-33.69543
"unique_occ",138.91533,-33.69492
"unique_occ",151.15074,-33.69443003
"unique_occ",138.91711,-33.69409
"unique_occ",138.99349,-33.69294
"unique_occ",146.84816,-33.69269003
"unique_occ",117.55139,-33.68972003
"unique_occ",138.99213,-33.68966
"unique_occ",138.95523,-33.68851
"unique_occ",138.6374751,-33.686779
"unique_occ",136.92472,-33.68583
"unique_occ",138.6333,-33.6833
"unique_occ",138.63,-33.68
"unique_occ",138.6167,-33.6667
"unique_occ",138.7,-33.66667
"unique_occ",138.61,-33.66
"unique_occ",-58.98,-33.65
"unique_occ",22.125,-33.625
"unique_occ",147.95453,-33.57703003
"unique_occ",136.1430471,-33.56790768
"unique_occ",136.4952738,-33.55512486
"unique_occ",138.8930212,-33.55093635
"unique_occ",139.03333,-33.55
"unique_occ",24.86,-33.55
"unique_occ",136.8991597,-33.5156715
"unique_occ",146.33033,-33.51125003
"unique_occ",136.6586018,-33.50984333
"unique_occ",151.41584,-33.50422003
"unique_occ",149.76382,-33.48132003
"unique_occ",138.44518,-33.42247
"unique_occ",138.4274743,-33.42121925
"unique_occ",138.42807,-33.418
"unique_occ",147.74431,-33.40483003
"unique_occ",147.74432,-33.40483003
"unique_occ",138.41772,-33.39735
"unique_occ",148.02,-33.37
"unique_occ",145.87934,-33.34632003
"unique_occ",138.40284,-33.33191
"unique_occ",138.18389,-33.32667
"unique_occ",115.63833,-33.32306003
"unique_occ",146.35603,-33.31377003
"unique_occ",138.275,-33.30833
"unique_occ",148,-33.3
"unique_occ",138,-33.25
"unique_occ",148.22,-33.2
"unique_occ",148.2333,-33.2
"unique_occ",148.2167,-33.2
"unique_occ",148.2342345,-33.19856814
"unique_occ",148.2176408,-33.18197771
"unique_occ",138.03333,-33.16667
"unique_occ",138.4177516,-33.16538803
"unique_occ",118.4694,-33.1367
"unique_occ",118.4694,-33.1366
"unique_occ",118.4706404,-33.13554903
"unique_occ",118.47094,-33.13543003
"unique_occ",135.5552775,-33.13373974
"unique_occ",148.1676409,-33.13197793
"unique_occ",148.17673,-33.1318
"unique_occ",148.17,-33.12
"unique_occ",148.2,-33.1
"unique_occ",138.3452511,-33.04899799
"unique_occ",137.58333,-33.03333
"unique_occ",137.5844181,-33.03205365
"unique_occ",138.4627,-33.00702
"unique_occ",148.2,-33
"unique_occ",117.76639,-32.98333003
"unique_occ",146.27805,-32.97666003
"unique_occ",117.18,-32.93806003
"unique_occ",-70.33361,-32.91833
"unique_occ",-68.88583,-32.88861
"unique_occ",139.06083,-32.88389
"unique_occ",117.9,-32.8667
"unique_occ",-55.7933,-32.8667
"unique_occ",117.9,-32.86667003
"unique_occ",134.9905493,-32.86068252
"unique_occ",135.1538879,-32.85624124
"unique_occ",137.9594125,-32.83260981
"unique_occ",145.87768,-32.82975003
"unique_occ",145.88173,-32.81610003
"unique_occ",117.49667,-32.78472003
"unique_occ",151.75,-32.77
"unique_occ",151.8,-32.7
"unique_occ",-68.86231,-32.69487
"unique_occ",-68.86231,-32.69466
"unique_occ",149.57,-32.6
"unique_occ",117.625,-32.58806003
"unique_occ",117.61667,-32.58333003
"unique_occ",117.6178389,-32.58213575
"unique_occ",-68.99333,-32.52361
"unique_occ",24.5,-32.52
"unique_occ",-58.69194,-32.50333
"unique_occ",149.6,-32.5
"unique_occ",137.76667,-32.5
"unique_occ",-70.93167,-32.48917
"unique_occ",-58.2475,-32.48278
"unique_occ",-67.37917,-32.47
"unique_occ",24.625,-32.375
"unique_occ",-65.93472,-32.36806
"unique_occ",148.87906,-32.26373003
"unique_occ",148.85611,-32.25266003
"unique_occ",148.87159,-32.25060003
"unique_occ",148.86628,-32.24161003
"unique_occ",148.85,-32.22
"unique_occ",-63.84212,-32.20535
"unique_occ",-64.62,-32.18
"unique_occ",133.68,-32.14222003
"unique_occ",-65.96,-32.10694
"unique_occ",148.9,-32.1
"unique_occ",-60.64,-32.07
"unique_occ",149.4,-32.02
"unique_occ",-64,-32
"unique_occ",151.0926,-31.99102003
"unique_occ",140.23885,-31.9572
"unique_occ",-64.25,-31.92
"unique_occ",149.4,-31.9
"unique_occ",116.75833,-31.87833003
"unique_occ",146.62434,-31.78140003
"unique_occ",116.68333,-31.76667003
"unique_occ",116.69472,-31.76500003
"unique_occ",116.66667,-31.75000003
"unique_occ",-60.52,-31.74
"unique_occ",18.5,-31.67
"unique_occ",132.06201,-31.62511
"unique_occ",132.06196,-31.6251
"unique_occ",132.06199,-31.62509
"unique_occ",132.06194,-31.62500003
"unique_occ",18.625,-31.625
"unique_occ",26.875,-31.625
"unique_occ",-68.55,-31.58333
"unique_occ",-64.0075,-31.55639
"unique_occ",-64.09944,-31.46444
"unique_occ",19.125,-31.375
"unique_occ",-68.6064,-31.3472
"unique_occ",-68.64,-31.25
"unique_occ",149.0333,-31.25
"unique_occ",150.851,-31.05470003
"unique_occ",150.8511,-31.0547
"unique_occ",150.851,-31.0547
"unique_occ",150.8519583,-31.05326905
"unique_occ",150.90297,-31.05206003
"unique_occ",150.9,-31
"unique_occ",29.625,-30.875
"unique_occ",139.2194,-30.8556
"unique_occ",139.2194,-30.8555
"unique_occ",139.217,-30.848
"unique_occ",-59.64,-30.74
"unique_occ",-64.75,-30.73333
"unique_occ",-68.96,-30.73
"unique_occ",150.05,-30.7
"unique_occ",150.1,-30.6
"unique_occ",-65.4,-30.56667
"unique_occ",-70.76639,-30.54583
"unique_occ",117.16667,-30.51639003
"unique_occ",-64.35242,-30.42144
"unique_occ",151.51694,-30.33924003
"unique_occ",-70.48667,-30.15861
"unique_occ",-70.5,-30.15
"unique_occ",151.48166,-30.10397003
"unique_occ",150.37,-30.02
"unique_occ",131.67397,-30.01468
"unique_occ",150.4,-29.9
"unique_occ",-64.66142,-29.86217
"unique_occ",150.53333,-29.8
"unique_occ",145.56331,-29.77407003
"unique_occ",151.12,-29.77
"unique_occ",-63.73194,-29.74611
"unique_occ",151.1,-29.7
"unique_occ",150.82,-29.65
"unique_occ",150.8,-29.6
"unique_occ",-65.45547,-29.56142
"unique_occ",-63.65,-29.5
"unique_occ",-69.21,-29.49
"unique_occ",151.43333,-29.48333
"unique_occ",151.42693,-29.40925003
"unique_occ",25.125,-29.375
"unique_occ",141.7,-29.27
"unique_occ",141.7,-29.2
"unique_occ",149.47,-29.13
"unique_occ",26.2,-29.08
"unique_occ",-67.5775,-29.02278
"unique_occ",149.5,-29
"unique_occ",134.75,-29
"unique_occ",153.05,-28.87
"unique_occ",-70.97972,-28.82139
"unique_occ",153.1,-28.8
"unique_occ",-66.3825,-28.78642
"unique_occ",151.1855,-28.72036002
"unique_occ",-68.52,-28.69
"unique_occ",151.243,-28.6542
"unique_occ",151.24306,-28.65417
"unique_occ",29.875,-28.625
"unique_occ",151.2,-28.6
"unique_occ",-65.9167,-28.6
"unique_occ",-70.75556,-28.57083
"unique_occ",-70.78,-28.57
"unique_occ",29.79,-28.56
"unique_occ",-70.77,-28.56
"unique_occ",149.76667,-28.5
"unique_occ",-65.77515,-28.45903
"unique_occ",152.0844,-28.41508002
"unique_occ",-58.1163,-28.25721
"unique_occ",152.0844,-28.24841002
"unique_occ",-67.52,-28.09
"unique_occ",-58.78333,-27.98333
"unique_occ",152.6261,-27.95674002
"unique_occ",-64.43,-27.88
"unique_occ",152.4178,-27.74841002
"unique_occ",152.88161,-27.65674002
"unique_occ",152.882,-27.65670002
"unique_occ",25.625,-27.625
"unique_occ",152.4261,-27.60674002
"unique_occ",152.9,-27.6
"unique_occ",152.2511,-27.58174002
"unique_occ",152.4178,-27.58174002
"unique_occ",151.7511,-27.41508002
"unique_occ",151.7428,-27.40675002
"unique_occ",151.743,-27.40670002
"unique_occ",25.875,-27.375
"unique_occ",-70.32829,-27.3736
"unique_occ",151.7,-27.3
"unique_occ",151.4855,-27.29008002
"unique_occ",151.486,-27.29000002
"unique_occ",-58.96912,-27.25829
"unique_occ",151.0844,-27.24842002
"unique_occ",-65.13,-27.19
"unique_occ",24.125,-27.125
"unique_occ",151.4261,-27.07342002
"unique_occ",-67,-27
"unique_occ",151.9183,-26.8986
"unique_occ",151.0844,-26.74842002
"unique_occ",-66.04981,-26.73151
"unique_occ",27.09,-26.71
"unique_occ",27.07,-26.69
"unique_occ",27.125,-26.625
"unique_occ",25.375,-26.625
"unique_occ",-64.77556,-26.42333
"unique_occ",146.0845,-26.41511002
"unique_occ",25.875,-26.375
"unique_occ",-62.73,-25.85
"unique_occ",134.48944,-25.735
"unique_occ",-57.63,-25.65
"unique_occ",-57.62,-25.63
"unique_occ",-65.61306,-25.62306
"unique_occ",-57.6,-25.62
"unique_occ",-57.6,-25.6
"unique_occ",-57.57,-25.6
"unique_occ",151.5844,-25.58175002
"unique_occ",-57.55,-25.57
"unique_occ",-65.48,-25.28
"unique_occ",-65.73,-25.17
"unique_occ",-57.56003,-25.15908
"unique_occ",-57.83,-25.08
"unique_occ",-66.1,-25.05
"unique_occ",-57.9,-25.03
"unique_occ",28.375,-24.875
"unique_occ",-65.46667,-24.85
"unique_occ",-57.8,-24.78
"unique_occ",-61.81667,-24.68333
"unique_occ",-61.82,-24.68
"unique_occ",29.18,-24.46
"unique_occ",29.125,-24.375
"unique_occ",-58.67,-24.29
"unique_occ",-58.58,-23.97
"unique_occ",-58.6075,-23.93125
"unique_occ",-61.83,-23.9
"unique_occ",-61.83333,-23.9
"unique_occ",133.8677123,-23.69871193
"unique_occ",133.88459,-23.69857002
"unique_occ",133.88459,-23.69857
"unique_occ",17.125,-23.625
"unique_occ",133.9,-23.6
"unique_occ",-58.77,-23.54
"unique_occ",-58.77056,-23.53778
"unique_occ",-58.61,-23.5
"unique_occ",-58.60944,-23.49528
"unique_occ",-59.28,-23.27
"unique_occ",-59.19,-23.04
"unique_occ",-59.18889,-23.03583
"unique_occ",-59.18861,-23.03528
"unique_occ",-59.13,-22.99
"unique_occ",-59.13111,-22.98528
"unique_occ",-68.18,-22.92
"unique_occ",-68.2029,-22.91182
"unique_occ",-68.17,-22.9
"unique_occ",-59.51639,-22.87372
"unique_occ",16.54,-22.69
"unique_occ",-59.75,-22.67
"unique_occ",-68.23283,-22.64622
"unique_occ",-68.23278,-22.64611
"unique_occ",-68.95,-22.45
"unique_occ",-60.08,-22.33
"unique_occ",19.875,-22.125
"unique_occ",-59.95389,-22.05417
"unique_occ",-59.95,-22.05
"unique_occ",-60.61444,-22.03028
"unique_occ",-60.61,-22.03
"unique_occ",-59,-21.75
"unique_occ",-59.84,-20.56
"unique_occ",-59.84111,-20.55667
"unique_occ",-70.17,-18.52
"unique_occ",-60.4225,-13.39444
"unique_occ",-74.37563,-9.16376
"unique_occ",-72.87,7.33
"unique_occ",78.12,9.93
"unique_occ",-86,12
"unique_occ",75.97,13.6
"unique_occ",-89.75,14.98
"unique_occ",-95.18,16.15
"unique_occ",-95.158,16.169
"unique_occ",-96.78081,17.07867
"unique_occ",-97.016,17.366
"unique_occ",-97,17.45
"unique_occ",-66.56336,17.56085
"unique_occ",-97,17.68
"unique_occ",-96.97861,17.85583
"unique_occ",-96.979,17.856
"unique_occ",-96.99,17.922
"unique_occ",-96.993,17.924
"unique_occ",-66.94486,17.94717
"unique_occ",-66.8756,17.949
"unique_occ",-97.027,17.95
"unique_occ",-66.90806,17.97167
"unique_occ",-66.91563,17.9785
"unique_occ",-67.1,17.98
"unique_occ",-67.11942,17.98486
"unique_occ",-66.90444,17.99266
"unique_occ",-66.92757,17.99853
"unique_occ",-67.11957,18.00305
"unique_occ",-66.5056,18.01387
"unique_occ",-66.6138,18.0206
"unique_occ",-97.183,18.216
"unique_occ",-97.18,18.22
"unique_occ",-97.216,18.233
"unique_occ",-97.3,18.28
"unique_occ",-97.3,18.283
"unique_occ",-74.18,18.3
"unique_occ",-64.63232,18.43447
"unique_occ",-97.393,18.462
"unique_occ",-101.638,19.405
"unique_occ",-101.75151,19.42864
"unique_occ",-101.609,19.516
"unique_occ",-99.025,20.154
"unique_occ",-99.044,20.181
"unique_occ",-99.918,20.313
"unique_occ",-99.99008,20.40377
"unique_occ",-100.419,20.568
"unique_occ",-100.268,20.634
"unique_occ",-99.538,20.648
"unique_occ",-99.893,20.663
"unique_occ",-103.33333,20.66667
"unique_occ",-101.35,20.67
"unique_occ",-101.348,20.673
"unique_occ",-99.80254,20.68442
"unique_occ",-99.81095,20.69298
"unique_occ",-103.392,20.72
"unique_occ",-102.79991,20.80916
"unique_occ",-100.72409,20.9179
"unique_occ",-156.667,20.9667
"unique_occ",-156.67,20.97
"unique_occ",-100.385,20.998
"unique_occ",-100.808,21.015
"unique_occ",-99.74022,21.04737
"unique_occ",-99.813,21.053
"unique_occ",-101.681,21.119
"unique_occ",-101.68,21.12
"unique_occ",-100.31854,21.14308
"unique_occ",-101.717,21.2
"unique_occ",-100.215,21.212
"unique_occ",-100.798,21.219
"unique_occ",-100.497,21.29
"unique_occ",-101.111,21.388
"unique_occ",-101.214,21.48
"unique_occ",-101.21429,21.48374
"unique_occ",-100.44,21.502
"unique_occ",-100.439,21.569
"unique_occ",-78.57422,21.69827
"unique_occ",-101.005,21.755
"unique_occ",-101.593,21.865
"unique_occ",-101.476,21.886
"unique_occ",-101.19,21.9
"unique_occ",0,22
"unique_occ",-100.98,22.15
"unique_occ",-100.976,22.151
"unique_occ",-97.848,22.17
"unique_occ",-97.85,22.17
"unique_occ",-97.85,22.21667
"unique_occ",-102.014,22.286
"unique_occ",-102.656,22.383
"unique_occ",-103.735,22.388
"unique_occ",-102.244,22.411
"unique_occ",-101.424,22.413
"unique_occ",-101.44,22.413
"unique_occ",-103.151,22.425
"unique_occ",-102.369,22.461
"unique_occ",-103.105,22.473
"unique_occ",-102.25,22.527
"unique_occ",-102.25,22.53
"unique_occ",-101.46,22.569
"unique_occ",120.47,22.6
"unique_occ",-103.085,22.603
"unique_occ",-103.144,22.612
"unique_occ",-102.92,22.652
"unique_occ",-102.282,22.653
"unique_occ",-102.68,22.729
"unique_occ",-102.536,22.77
"unique_occ",-102.58,22.77
"unique_occ",-102.575,22.772
"unique_occ",-102.563,22.775
"unique_occ",-102.563,22.777
"unique_occ",-102.615,22.832
"unique_occ",-102.548,22.968
"unique_occ",-102,23
"unique_occ",-102.749,23.006
"unique_occ",-101.116,23.13
"unique_occ",-101.12,23.13
"unique_occ",-99.366,23.4
"unique_occ",-103.865,23.487
"unique_occ",-102.488,23.513
"unique_occ",119.63,23.56
"unique_occ",-102.605,23.563
"unique_occ",-103.162,23.627
"unique_occ",-103.933,23.65
"unique_occ",-99.75,23.7
"unique_occ",-102.997,23.727
"unique_occ",-99.15174,23.74169
"unique_occ",-101.71323,23.86267
"unique_occ",-103.12,23.949
"unique_occ",-102.53278,23.95056
"unique_occ",-104.67,24.02
"unique_occ",-104.66,24.02
"unique_occ",-104.67,24.024
"unique_occ",-104.655,24.025
"unique_occ",-104.65,24.02833
"unique_occ",-104.6628,24.0289
"unique_occ",-104.67,24.03
"unique_occ",-102.5683,24.1267
"unique_occ",47.30611,24.14889
"unique_occ",-104.502,24.153
"unique_occ",-110.333,24.167
"unique_occ",-110.167,24.167
"unique_occ",-102.093,24.217
"unique_occ",-100.87,24.23
"unique_occ",-102.33,24.389
"unique_occ",-102.435,24.396
"unique_occ",-102.353,24.421
"unique_occ",-101.246,24.449
"unique_occ",-103.355,24.473
"unique_occ",-101.3,24.504
"unique_occ",-81.76667,24.55
"unique_occ",-81.79166,24.55416
"unique_occ",-100.07,24.82
"unique_occ",-99.58343,24.82879
"unique_occ",-101.665,24.835
"unique_occ",-101.75,24.9
"unique_occ",67.08,24.9
"unique_occ",-100.73035,24.90994
"unique_occ",67.03,24.93
"unique_occ",-100.72154,24.94627
"unique_occ",-100.56083,24.96972
"unique_occ",-100.561,24.97
"unique_occ",-101.25,25
"unique_occ",-101,25
"unique_occ",-97.716,25.066
"unique_occ",-105.417,25.067
"unique_occ",-80.43667,25.09472
"unique_occ",-102.44,25.17
"unique_occ",-97.45,25.233
"unique_occ",-102.788,25.306
"unique_occ",-76.37168,25.32983
"unique_occ",-76.46102,25.34902
"unique_occ",-100.338,25.396
"unique_occ",-101,25.42
"unique_occ",-101,25.43
"unique_occ",-101,25.433
"unique_occ",-103.43,25.55
"unique_occ",-101.45,25.6
"unique_occ",-100.28024,25.67418
"unique_occ",-100.45,25.69
"unique_occ",-101.78,25.726
"unique_occ",-101.78,25.73
"unique_occ",-100.30674,25.73064
"unique_occ",-100.32228,25.79194
"unique_occ",-98.26725,26.20518
"unique_occ",-98.13514,26.2909
"unique_occ",-99.2,26.35
"unique_occ",-99.1525,26.58667
"unique_occ",-99.216,26.6
"unique_occ",-103.62,26.68
"unique_occ",-109.3,26.71667
"unique_occ",-109.3,26.717
"unique_occ",-102.01726,26.80559
"unique_occ",-103.81,26.85
"unique_occ",80.93,26.86
"unique_occ",-109.927,27.221
"unique_occ",-109.892,27.244
"unique_occ",-109.8917,27.24444
"unique_occ",-97.3925,27.63958
"unique_occ",-97.32788,27.66751
"unique_occ",-97.32799,27.66757
"unique_occ",-103.621,27.746
"unique_occ",-103.62,27.75
"unique_occ",-110.567,27.883
"unique_occ",-110.5667,27.88333
"unique_occ",-110.56667,27.88333
"unique_occ",-110.55694,27.91417
"unique_occ",-110.892,27.924
"unique_occ",-110.675,27.956
"unique_occ",-110.833,27.983
"unique_occ",-110.8333,27.98333
"unique_occ",-110.679,27.986
"unique_occ",-103.59009,27.98894
"unique_occ",-109.2783,28.31167
"unique_occ",-109.278,28.312
"unique_occ",-110.967,28.541
"unique_occ",-110.9667,28.54111
"unique_occ",-110.96667,28.54122
"unique_occ",-96.09972,28.6283
"unique_occ",-106.08,28.63
"unique_occ",-106.089,28.635
"unique_occ",-106.09,28.64
"unique_occ",-100.83,28.83
"unique_occ",-99.7645,29.17774
"unique_occ",-99.15444,29.18836
"unique_occ",-94.92861,29.21806
"unique_occ",-94.92903,29.22407
"unique_occ",-99.78241,29.23634
"unique_occ",-99.64862,29.29236
"unique_occ",47.91,29.34
"unique_occ",-100.91083,29.37917
"unique_occ",-98.49471,29.40919
"unique_occ",-98.5425,29.42528
"unique_occ",-100.97,29.47
"unique_occ",-98.74419,29.4711
"unique_occ",-110.241,29.485
"unique_occ",-98.52242,29.56136
"unique_occ",-103.13664,29.57928
"unique_occ",-99.73139,29.61528
"unique_occ",-100.06884,29.65087
"unique_occ",-95.38055,29.78822
"unique_occ",-99.5763,29.83111
"unique_occ",35.02,29.84
"unique_occ",70,29.85
"unique_occ",-97.96644,29.86823
"unique_occ",35.02,29.89
"unique_occ",35.06,29.89
"unique_occ",-97.93188,29.89133
"unique_occ",-97.89894,29.90204
"unique_occ",-97.89904,29.90217
"unique_occ",-97.93943,29.91107
"unique_occ",-98.98,29.97
"unique_occ",-109.048,29.973
"unique_occ",-97.89274,29.99111
"unique_occ",-97.14716,30.01987
"unique_occ",-99.47282,30.06274
"unique_occ",-99.2725,30.0737
"unique_occ",-96.08111,30.09278
"unique_occ",-97.32,30.12
"unique_occ",-98.11487,30.1992
"unique_occ",-97.65058,30.21672
"unique_occ",-97.65303,30.2178
"unique_occ",-97.65327,30.22273
"unique_occ",-97.65695,30.22343
"unique_occ",-94.17867,30.2496
"unique_occ",-97.74289,30.26727
"unique_occ",-97.71104,30.27077
"unique_occ",-98.05586,30.29154
"unique_occ",-97.91529,30.30524
"unique_occ",-106.467,30.317
"unique_occ",-110.704,30.329
"unique_occ",-110.7042,30.32917
"unique_occ",-97.02649,30.38432
"unique_occ",-97.45721,30.40008
"unique_occ",-97.79125,30.40549
"unique_occ",-97.0035,30.40761
"unique_occ",-87.21694,30.42138
"unique_occ",-99.81249,30.43385
"unique_occ",-97.7757,30.4668
"unique_occ",-106.52,30.47
"unique_occ",-91.03332,30.49445
"unique_occ",-97.67992,30.50553
"unique_occ",-97.24976,30.52476
"unique_occ",-96.19816,30.53724
"unique_occ",-96.69968,30.53767
"unique_occ",-103.83855,30.53842
"unique_occ",-109.981,30.546
"unique_occ",-103.84364,30.55414
"unique_occ",-98.28288,30.56326
"unique_occ",-103.89389,30.58944
"unique_occ",-96.351,30.6
"unique_occ",-103.9241,30.60244
"unique_occ",-96.5436,30.63193
"unique_occ",-97.087,30.63564
"unique_occ",-97.68503,30.64982
"unique_occ",-104.02222,30.67111
"unique_occ",-88.03333,30.68333
"unique_occ",-97.64593,30.68809
"unique_occ",-110.806,30.703
"unique_occ",-97.08146,30.71041
"unique_occ",-98.25864,30.71591
"unique_occ",-97.07835,30.718
"unique_occ",35.28,30.74
"unique_occ",-98.67622,30.75418
"unique_occ",-102.46755,30.76677
"unique_occ",-105.01622,30.77663
"unique_occ",-105.01583,30.77667
"unique_occ",35.23,30.79
"unique_occ",-97.03302,30.81118
"unique_occ",-109.21667,30.81667
"unique_occ",-102.58742,30.86339
"unique_occ",-109.55,30.88333
"unique_occ",-100.62,30.9
"unique_occ",-110.195,30.959
"unique_occ",-97.25,31.1487
"unique_occ",-110.95,31.15
"unique_occ",-107.32,31.155
"unique_occ",-107.32,31.16
"unique_occ",34.86,31.19
"unique_occ",34.86,31.24
"unique_occ",34.71,31.24
"unique_occ",-99.53474,31.26203
"unique_occ",-109.56,31.263
"unique_occ",-110.40945,31.29261
"unique_occ",-108.99278,31.29861
"unique_occ",-97.47374,31.3135
"unique_occ",-110.35537,31.31722
"unique_occ",-97.37753,31.31761
"unique_occ",-110.36667,31.32056
"unique_occ",34.65,31.33
"unique_occ",34.71,31.33
"unique_occ",-110.56397,31.33431
"unique_occ",-109.53333,31.34167
"unique_occ",-109.08333,31.35
"unique_occ",-109.25917,31.35861
"unique_occ",34.86,31.37
"unique_occ",34.71,31.37
"unique_occ",34.65,31.37
"unique_occ",-110.33947,31.37897
"unique_occ",-110.36305,31.38015
"unique_occ",-110.2375,31.3875
"unique_occ",-109.87722,31.39083
"unique_occ",-110.4208,31.4167
"unique_occ",34.5,31.42
"unique_occ",34.71,31.42
"unique_occ",34.65,31.42
"unique_occ",34.81,31.42
"unique_occ",34.76,31.42
"unique_occ",34.55,31.42
"unique_occ",-102.3485,31.4276
"unique_occ",-109.9167,31.4333
"unique_occ",34.44,31.46
"unique_occ",34.55,31.46
"unique_occ",-103.39388,31.46111
"unique_occ",-110.35833,31.46667
"unique_occ",-106.11889,31.46917
"unique_occ",-110.90811,31.50678
"unique_occ",34.49,31.51
"unique_occ",34.55,31.51
"unique_occ",-110.425,31.54167
"unique_occ",-110.3486,31.5581
"unique_occ",-111.04908,31.56978
"unique_occ",-105.59434,31.57074
"unique_occ",-111.4954,31.5718
"unique_occ",-111.3257,31.5722
"unique_occ",-108.76792,31.58446
"unique_occ",-109.5156,31.5893
"unique_occ",34.7,31.6
"unique_occ",34.81,31.6
"unique_occ",-109.5373,31.6007
"unique_occ",-108.77898,31.61169
"unique_occ",-106.22823,31.61923
"unique_occ",-110.535,31.6605
"unique_occ",-110.65567,31.67793
"unique_occ",-109.68639,31.68528
"unique_occ",34.7,31.69
"unique_occ",34.6,31.69
"unique_occ",-98.12098,31.70909
"unique_occ",-111.03333,31.71667
"unique_occ",-110.88226,31.7232
"unique_occ",34.7,31.73
"unique_occ",34.76,31.73
"unique_occ",-106.36366,31.73537
"unique_occ",-110.7,31.75833
"unique_occ",-110.8635,31.7775
"unique_occ",-106.46278,31.7775
"unique_occ",-106.44246,31.77758
"unique_occ",35.18,31.78
"unique_occ",35.07,31.78
"unique_occ",34.81,31.78
"unique_occ",34.7,31.78
"unique_occ",-106.4923,31.78093
"unique_occ",-110.87934,31.79099
"unique_occ",-106.2,31.8
"unique_occ",34.81,31.82
"unique_occ",34.7,31.82
"unique_occ",34.76,31.82
"unique_occ",-110.8147,31.8253
"unique_occ",35.37,31.83
"unique_occ",-102.36722,31.84555
"unique_occ",-110.21111,31.86111
"unique_occ",-110.2112,31.86138
"unique_occ",-109.0356,31.8625
"unique_occ",-106.55,31.86667
"unique_occ",34.81,31.87
"unique_occ",34.97,31.87
"unique_occ",-109.04333,31.87056
"unique_occ",-102.2863,31.87421
"unique_occ",-109.05833,31.875
"unique_occ",-109.075,31.875
"unique_occ",-106.49318,31.87724
"unique_occ",-101.70044,31.88655
"unique_occ",-106.44719,31.90453
"unique_occ",-106.44673,31.90454
"unique_occ",34.76,31.91
"unique_occ",34.81,31.91
"unique_occ",35.44,31.92
"unique_occ",34.91,31.92
"unique_occ",-109.1649,31.9235
"unique_occ",-109.21667,31.93333
"unique_occ",-109.2189,31.9348
"unique_occ",-109.21629,31.93949
"unique_occ",-106.60833,31.95833
"unique_occ",34.86,31.96
"unique_occ",-110.3,31.96667
"unique_occ",-110.2942,31.96966
"unique_occ",-109.28,31.9793
"unique_occ",-110.2869,31.9842
"unique_occ",-110.9917,31.9876
"unique_occ",-110.2997,31.9985
"unique_occ",-109.36106,32.0076
"unique_occ",34.81,32.01
"unique_occ",35.05,32.02
"unique_occ",-110.0682,32.043
"unique_occ",34.81,32.05
"unique_occ",34.91,32.05
"unique_occ",34.83,32.08
"unique_occ",34.77,32.08
"unique_occ",-108.8133,32.09388
"unique_occ",35.13,32.1
"unique_occ",-109.9217,32.1137
"unique_occ",-110.93,32.11972
"unique_occ",-7.26,32.13
"unique_occ",34.91,32.14
"unique_occ",34.86,32.14
"unique_occ",-7.2597,32.1422
"unique_occ",-109.44092,32.1456
"unique_occ",-7.26611,32.14806
"unique_occ",-106.69655,32.16468
"unique_occ",-110.5,32.16667
"unique_occ",-109.2874,32.1852
"unique_occ",-111.5,32.21667
"unique_occ",-111.00194,32.21889
"unique_occ",-110.9265,32.21944
"unique_occ",-110.92583,32.22167
"unique_occ",-110.92667,32.22167
"unique_occ",-110.90868,32.22167
"unique_occ",-110.9265,32.2217
"unique_occ",-111.1391,32.2279
"unique_occ",-111.0982,32.2301
"unique_occ",-110.9526,32.2312
"unique_occ",-6.68333,32.23333
"unique_occ",-99.88272,32.23915
"unique_occ",-104.69598,32.24431
"unique_occ",-109.83139,32.25278
"unique_occ",-109.2185,32.2581
"unique_occ",-110.8715,32.259
"unique_occ",-102.77573,32.26043
"unique_occ",-111.1826,32.2787
"unique_occ",34.97,32.28
"unique_occ",-107.2688,32.29205
"unique_occ",-110.9658,32.2922
"unique_occ",-106.94,32.3
"unique_occ",-111.02,32.3
"unique_occ",-103.78269,32.31906
"unique_occ",-103.64533,32.3193
"unique_occ",34.86,32.32
"unique_occ",34.91,32.32
"unique_occ",-107.884,32.324
"unique_occ",-100.09889,32.33139
"unique_occ",-103.78269,32.33355
"unique_occ",-111.4657,32.3423
"unique_occ",-103.7998,32.34808
"unique_occ",-103.85149,32.34872
"unique_occ",-103.86883,32.34875
"unique_occ",-111.0962,32.3527
"unique_occ",-109.02654,32.35781
"unique_occ",-103.7998,32.3626
"unique_occ",-103.62827,32.36287
"unique_occ",34.91,32.37
"unique_occ",-103.85143,32.39225
"unique_occ",-103.69671,32.40623
"unique_occ",-103.86879,32.40681
"unique_occ",-103.74847,32.42067
"unique_occ",-103.78269,32.42068
"unique_occ",-103.7998,32.42068
"unique_occ",-103.67963,32.4208
"unique_occ",34.88,32.44
"unique_occ",-97.06975,32.44423
"unique_occ",-104.304,32.449
"unique_occ",35.02,32.46
"unique_occ",34.91,32.46
"unique_occ",35.29,32.46
"unique_occ",-109.72795,32.47979
"unique_occ",-6.69,32.48
"unique_occ",-110.0309,32.4987
"unique_occ",35.55,32.5
"unique_occ",35.39,32.5
"unique_occ",35.5,32.5
"unique_occ",-103.94,32.51
"unique_occ",-103.93719,32.51139
"unique_occ",-103.93806,32.51201
"unique_occ",-116.7125,32.51667
"unique_occ",-116.05,32.51667
"unique_occ",-116.712,32.517
"unique_occ",-116.05,32.517
"unique_occ",34.92,32.53
"unique_occ",-93.59583,32.53416
"unique_occ",-110.71781,32.53799
"unique_occ",34.91,32.55
"unique_occ",34.97,32.55
"unique_occ",35.29,32.55
"unique_occ",-117.06242,32.55217
"unique_occ",-97.15333,32.55818
"unique_occ",-110.0673,32.5651
"unique_occ",-97.14846,32.56633
"unique_occ",-97.13865,32.56789
"unique_occ",-97.38359,32.57295
"unique_occ",-97.13203,32.57477
"unique_occ",-97.09505,32.57618
"unique_occ",-97.15271,32.58267
"unique_occ",-97.10234,32.58715
"unique_occ",-97.09933,32.58805
"unique_occ",-97.08453,32.58824
"unique_occ",35.13,32.59
"unique_occ",35.29,32.59
"unique_occ",-97.08015,32.59842
"unique_occ",-97.26464,32.60312
"unique_occ",-109.5375,32.60889
"unique_occ",35.28861,32.60917
"unique_occ",35.29,32.61
"unique_occ",-110.7709,32.6109
"unique_occ",-96.49858,32.61241
"unique_occ",-116.18463,32.61323
"unique_occ",-116.1705,32.6175
"unique_occ",-116.17458,32.61752
"unique_occ",-116.19244,32.61776
"unique_occ",-110.8874,32.6211
"unique_occ",-102.26143,32.62193
"unique_occ",-97.09204,32.62259
"unique_occ",-106.52961,32.6269
"unique_occ",-97.18449,32.63012
"unique_occ",-93.6,32.63333
"unique_occ",35.23,32.64
"unique_occ",35.13,32.64
"unique_occ",35.29,32.64
"unique_occ",-117.08419,32.64005
"unique_occ",-97.11501,32.64151
"unique_occ",-117.08294,32.65855
"unique_occ",-97.22318,32.66147
"unique_occ",-115.446,32.6692
"unique_occ",-114.6846,32.67396
"unique_occ",-96.97718,32.67955
"unique_occ",35.61,32.68
"unique_occ",34.97,32.68
"unique_occ",35.23,32.68
"unique_occ",35.55,32.68
"unique_occ",35.18,32.68
"unique_occ",-116.9788,32.68573
"unique_occ",-116.97839,32.68644
"unique_occ",-117.14728,32.69616
"unique_occ",-112.22147,32.69619
"unique_occ",-117.16012,32.70701
"unique_occ",35.63,32.71
"unique_occ",-108.24,32.71
"unique_occ",-108.14,32.71
"unique_occ",-114.643,32.7193
"unique_occ",-97.36405,32.724
"unique_occ",35.29,32.73
"unique_occ",35.13,32.73
"unique_occ",-97.30293,32.73549
"unique_occ",-97.50823,32.7363
"unique_occ",-108.29,32.74
"unique_occ",-5.75,32.74
"unique_occ",-5.7527,32.7405
"unique_occ",-97.16666,32.74139
"unique_occ",-97.63687,32.74526
"unique_occ",-116.9625,32.74625
"unique_occ",-97.6627,32.75146
"unique_occ",-116.942,32.754
"unique_occ",-97.25954,32.75613
"unique_occ",-97.68,32.76945
"unique_occ",-108.28,32.77
"unique_occ",-97.38155,32.77678
"unique_occ",-116.85308,32.78144
"unique_occ",-117.04139,32.78472
"unique_occ",-97.20087,32.78496
"unique_occ",-97.20211,32.78706
"unique_occ",-97.07616,32.79709
"unique_occ",-115.7,32.8
"unique_occ",-97.8694,32.8022
"unique_occ",-96.7697,32.8028
"unique_occ",-97.41213,32.80281
"unique_occ",-97.3192,32.8061
"unique_occ",-117.0791,32.8066
"unique_occ",-115.7069,32.80696
"unique_occ",-97.32,32.81
"unique_occ",-97.07966,32.81224
"unique_occ",-96.73053,32.82276
"unique_occ",-98.03586,32.82439
"unique_occ",-116.74287,32.82992
"unique_occ",-107.83,32.83
"unique_occ",-109.7076,32.834
"unique_occ",-115.406,32.8355
"unique_occ",-97.48059,32.83942
"unique_occ",-97.4869,32.84034
"unique_occ",-97.47765,32.84381
"unique_occ",-97.16182,32.84451
"unique_occ",-112.31833,32.845
"unique_occ",-116.92094,32.84916
"unique_occ",-109.75,32.85
"unique_occ",-117.2242,32.8548
"unique_occ",-117.2028,32.8583
"unique_occ",-96.71528,32.85878
"unique_occ",-97.28072,32.8821
"unique_occ",-115.5686573,32.89177791
"unique_occ",-97.27767,32.90522
"unique_occ",-115.4486,32.9094
"unique_occ",-115.44917,32.90944
"unique_occ",-115.44861,32.90944
"unique_occ",-96.90788,32.90946
"unique_occ",35.08,32.91
"unique_occ",35.55,32.91
"unique_occ",35.0973,32.91109
"unique_occ",-96.90788,32.91915
"unique_occ",-117.1989,32.9197
"unique_occ",-96.93606,32.92076
"unique_occ",-115.47824,32.94768
"unique_occ",-115.4788057,32.94769682
"unique_occ",35.09,32.95
"unique_occ",-115.54167,32.96667
"unique_occ",-115.5121,32.9678
"unique_occ",-115.5311,32.9766
"unique_occ",-115.3337,32.9772
"unique_occ",-115.5303,32.9787
"unique_occ",-115.5309,32.9801
"unique_occ",-116.92651,32.98413
"unique_occ",-117,33
"unique_occ",-116,33
"unique_occ",-115,33
"unique_occ",-116.68861,33.02667
"unique_occ",-116.68867,33.02673
"unique_occ",-108.155,33.02718
"unique_occ",-116.40552,33.02802
"unique_occ",-116.4067,33.0356
"unique_occ",35.55,33.04
"unique_occ",-96.84781,33.04668
"unique_occ",-116.5445,33.07103
"unique_occ",-97.49576,33.0711
"unique_occ",-117.1084,33.07231
"unique_occ",-111.74167,33.08333
"unique_occ",-111.75,33.08333
"unique_occ",-109.0889,33.0883
"unique_occ",35.5,33.09
"unique_occ",-116.6466,33.094
"unique_occ",-117.0904,33.11722
"unique_occ",-117.09144,33.11791
"unique_occ",-116.5444,33.1431
"unique_occ",-117.16614,33.14337
"unique_occ",-117.166,33.1434
"unique_occ",-105.89417,33.14417
"unique_occ",-93.57926,33.14861
"unique_occ",-111.8807,33.1679
"unique_occ",35.61,33.18
"unique_occ",-97.13333,33.2
"unique_occ",-98.15806,33.21428
"unique_occ",35.55,33.22
"unique_occ",-116.29898,33.23922
"unique_occ",-116.35,33.2464
"unique_occ",-106.53731,33.27249
"unique_occ",44.07,33.29
"unique_occ",-117.3017,33.2917
"unique_occ",-111.8413,33.3062
"unique_occ",-106.50089,33.31109
"unique_occ",-97.5851,33.3187
"unique_occ",-118.33039,33.33854
"unique_occ",-104.31569,33.35441
"unique_occ",-104.3425,33.35444
"unique_occ",-111.73425,33.3635
"unique_occ",-111.73189,33.36456
"unique_occ",-112.58306,33.37028
"unique_occ",-116.7843,33.3743
"unique_occ",-116.78833,33.38444
"unique_occ",-110.76,33.4
"unique_occ",-86.95,33.4
"unique_occ",-101.92583,33.41201
"unique_occ",-104.351,33.413
"unique_occ",-111.9093,33.4148
"unique_occ",-105.36925,33.41668
"unique_occ",-94.04775,33.42915
"unique_occ",-101.96966,33.43598
"unique_occ",-116.8756027,33.43999323
"unique_occ",-112.074,33.4484
"unique_occ",-111.91333,33.45139
"unique_occ",-117.0426068,33.46599136
"unique_occ",-116.9546048,33.46699192
"unique_occ",-116.95694,33.46722
"unique_occ",-101.90519,33.47867
"unique_occ",-117.1506095,33.49398982
"unique_occ",-81.96389,33.50139
"unique_occ",-101.93014,33.51698
"unique_occ",-101.92783,33.52934
"unique_occ",-114.6382,33.5385
"unique_occ",-112.1865,33.5387
"unique_occ",-101.81043,33.57177
"unique_occ",-81.6,33.58333
"unique_occ",-101.83,33.6
"unique_occ",-114.58111,33.61028
"unique_occ",-111.0003,33.612
"unique_occ",-114.5335497,33.62000334
"unique_occ",-117.6907,33.6239
"unique_occ",-101.88898,33.62622
"unique_occ",-101.8906,33.62642
"unique_occ",-111.6743,33.633
"unique_occ",-117.9206287,33.64998008
"unique_occ",-116.94222,33.65306
"unique_occ",-116.1675884,33.66699141
"unique_occ",-116.167,33.667
"unique_occ",-105.37,33.68
"unique_occ",-105.3717,33.68485
"unique_occ",-117.24167,33.725
"unique_occ",-118.39778,33.7375
"unique_occ",-105.51833,33.74472
"unique_occ",-117.69372,33.74975
"unique_occ",-98.39055,33.75737
"unique_occ",-114.517,33.7609
"unique_occ",-109.9873,33.8126
"unique_occ",-99.07341,33.81824
"unique_occ",-98.55554,33.85002
"unique_occ",-117.21944,33.86222
"unique_occ",-117.8316,33.868
"unique_occ",-111.4675,33.86833
"unique_occ",-117.7082,33.8763
"unique_occ",-117.025,33.89583
"unique_occ",-116.8756071,33.89998007
"unique_occ",-117.04167,33.90833
"unique_occ",-117.02917,33.90833
"unique_occ",-116.6954,33.9217
"unique_occ",-116.87694,33.92361
"unique_occ",-117.4406204,33.92897541
"unique_occ",-117.4406204,33.92967539
"unique_occ",-117.44,33.9297
"unique_occ",-117.44,33.92972
"unique_occ",-117.289,33.9323
"unique_occ",-112.73333,33.96667
"unique_occ",-120.1113,33.9684
"unique_occ",-117.32889,33.97917
"unique_occ",-112.35889,33.98583
"unique_occ",-117,34
"unique_occ",-117.58333,34
"unique_occ",-118,34
"unique_occ",-120,34
"unique_occ",-119,34
"unique_occ",-115,34
"unique_occ",-116,34
"unique_occ",-117.69046,34.01184
"unique_occ",-117.6822,34.0136
"unique_occ",-117.3346188,34.01597368
"unique_occ",-119.8508762,34.01815596
"unique_occ",-119.853,34.0182
"unique_occ",-119.8528463,34.01828594
"unique_occ",-119.8545,34.0196
"unique_occ",-119.85449,34.01962
"unique_occ",-119.8533,34.0197
"unique_occ",-117.3485,34.02033
"unique_occ",-117.08333,34.025
"unique_occ",-117.49667,34.02667
"unique_occ",-117.4966,34.0268
"unique_occ",-118.44805,34.04638
"unique_occ",-118.44722,34.04639
"unique_occ",-117.26667,34.05
"unique_occ",-113.0802,34.0518
"unique_occ",-118.24278,34.05222
"unique_occ",-117.5722,34.0594
"unique_occ",-107.12,34.06
"unique_occ",-117.59028,34.06583
"unique_occ",-118.4451749,34.06672457
"unique_occ",-109.28528,34.08981
"unique_occ",-106.90167,34.10694
"unique_occ",-118.24585,34.10953
"unique_occ",-118.6900209,34.11429151
"unique_occ",-99.753,34.117
"unique_occ",-117.07472,34.13
"unique_occ",-117.075,34.13333
"unique_occ",-118.8037,34.2062
"unique_occ",-106.85852,34.27325
"unique_occ",-117.4519,34.2744
"unique_occ",-119.28599,34.27607
"unique_occ",-119.2876662,34.27695271
"unique_occ",-119.25301,34.27811
"unique_occ",-119.299,34.3491
"unique_occ",-119.3025,34.351
"unique_occ",-119.3077,34.3539
"unique_occ",-119.3076674,34.35395042
"unique_occ",-119.3066674,34.35395043
"unique_occ",-107.67309,34.39047
"unique_occ",-118.65278,34.39583
"unique_occ",-118.67,34.39861
"unique_occ",-119.7159,34.4051
"unique_occ",-118.7934,34.4153
"unique_occ",-106.7999,34.41761
"unique_occ",-119.8673,34.434
"unique_occ",-119.863,34.439
"unique_occ",-103.04996,34.44115
"unique_occ",-119.229,34.4444
"unique_occ",-119.7045,34.452
"unique_occ",-106.08727,34.45276
"unique_occ",-111.82,34.54
"unique_occ",-111.85,34.56667
"unique_occ",-120.1363,34.5942
"unique_occ",-120.138,34.596
"unique_occ",-118.68111,34.61111
"unique_occ",-111.83333,34.61667
"unique_occ",-118.7065,34.6304
"unique_occ",-98.61482,34.64581
"unique_occ",-112.0104,34.7392
"unique_occ",-112.03333,34.76667
"unique_occ",-118.79167,34.76667
"unique_occ",-5.951157192,34.76869648
"unique_occ",-98.50717,34.7726
"unique_occ",-111.76101,34.7914
"unique_occ",-119.469,34.8313
"unique_occ",-114.61278,34.84083
"unique_occ",-114.6081,34.8416
"unique_occ",-115.6079066,34.84306285
"unique_occ",-111.761,34.8697
"unique_occ",-111.87436,34.89242
"unique_occ",-117.0228,34.897
"unique_occ",-104.678,34.943
"unique_occ",-109.82389,34.97861
"unique_occ",-119,35
"unique_occ",-120,35
"unique_occ",-115,35
"unique_occ",-118,35
"unique_occ",-110.66667,35.01667
"unique_occ",-110.6351,35.0167
"unique_occ",-104.67293,35.02495
"unique_occ",-2.211093127,35.02873719
"unique_occ",-118.1657,35.0363
"unique_occ",-99.77365,35.04759
"unique_occ",-118.17278,35.04778
"unique_occ",-118.1736488,35.05193963
"unique_occ",-108.81204,35.0539
"unique_occ",-106.60136,35.0835
"unique_occ",-106.65111,35.08444
"unique_occ",-106.59102,35.08541
"unique_occ",-106.37463,35.11215
"unique_occ",-106.60556,35.11806
"unique_occ",-106.60889,35.12056
"unique_occ",-119.44111,35.13306
"unique_occ",-106.37323,35.13795
"unique_occ",-115.33777,35.14583
"unique_occ",33.36,35.16
"unique_occ",-111.11667,35.16667
"unique_occ",33.36,35.17
"unique_occ",-114.053,35.1894
"unique_occ",113.28,35.19
"unique_occ",-118.63333,35.25
"unique_occ",-118.62623,35.27197
"unique_occ",-118.626,35.2724
"unique_occ",-106.49,35.277
"unique_occ",-118.6256,35.2774
"unique_occ",-118.62306,35.27833
"unique_occ",-115.24667,35.2825
"unique_occ",-115.24678,35.28262
"unique_occ",-103.48417,35.28361
"unique_occ",-115.225,35.28889
"unique_occ",-115.23067,35.2892
"unique_occ",-118.6296,35.29
"unique_occ",-115.23333,35.29167
"unique_occ",-115.15306,35.2975
"unique_occ",-115.12219,35.29812
"unique_occ",-115.22803,35.29833
"unique_occ",-115.22897,35.31043
"unique_occ",-118.5842611,35.31732974
"unique_occ",-119.0103,35.364
"unique_occ",-119.0512,35.3712
"unique_occ",-115.2785,35.3719
"unique_occ",-119.0473,35.3749
"unique_occ",-106.96527,35.38522
"unique_occ",-105.39024,35.39666
"unique_occ",-119.0506,35.407
"unique_occ",-119.42167,35.41806
"unique_occ",-119.5426,35.4302
"unique_occ",-111.2,35.43333
"unique_occ",-119.1316,35.4409
"unique_occ",-119.19778,35.44222
"unique_occ",-119.45889,35.44333
"unique_occ",-118.78333,35.45
"unique_occ",-98.81507,35.45662
"unique_occ",139.628,35.4574
"unique_occ",139.641,35.4574
"unique_occ",-119.1226,35.4623
"unique_occ",-119.1299653,35.47040182
"unique_occ",139.416,35.4908
"unique_occ",-106.71734,35.50097
"unique_occ",-98.7075,35.52611
"unique_occ",-98.70735,35.52915
"unique_occ",-119.1937,35.5334
"unique_occ",-120.838715,35.5389073
"unique_occ",-99.7575,35.54583
"unique_occ",-105.82528,35.54917
"unique_occ",-98.7075,35.55139
"unique_occ",-99.73333,35.56111
"unique_occ",-99.68667,35.57306
"unique_occ",-99.72694,35.59639
"unique_occ",-119.2960506,35.60159723
"unique_occ",-119.29537,35.60168
"unique_occ",-119.3211,35.6027
"unique_occ",-99.72528,35.60972
"unique_occ",-119.8706,35.614
"unique_occ",-119.78972,35.61556
"unique_occ",-118.987,35.626
"unique_occ",-106.13914,35.6369
"unique_occ",-120.6891,35.6418
"unique_occ",-106.74308,35.66788
"unique_occ",-120.11167,35.685
"unique_occ",-119.175,35.69167
"unique_occ",-104.2643,35.69889
"unique_occ",-119.846,35.702
"unique_occ",-101.547,35.7077
"unique_occ",-99.89873,35.70828
"unique_occ",-106.29149,35.71653
"unique_occ",-106.29032,35.71817
"unique_occ",-120.17083,35.72
"unique_occ",-119.9715,35.7306
"unique_occ",-119.6372,35.7461
"unique_occ",-110.63972,35.87639
"unique_occ",-106.29848,35.88632
"unique_occ",-100.35611,35.93861
"unique_occ",-120,36
"unique_occ",-119,36
"unique_occ",-121,36
"unique_occ",-104.43,36.08
"unique_occ",-109.53,36.1
"unique_occ",-120.44111,36.10861
"unique_occ",-115.02503,36.10929
"unique_occ",-109.44167,36.15833
"unique_occ",-109.55,36.15833
"unique_occ",-109.46667,36.15833
"unique_occ",-112.68836,36.23366
"unique_occ",-112.71667,36.26667
"unique_occ",-119.10881,36.29676
"unique_occ",-119.4836245,36.45515468
"unique_occ",-121.56972,36.61444
"unique_occ",-111.84,36.69
"unique_occ",-120.7272163,36.72266879
"unique_occ",-119.77139,36.74778
"unique_occ",22.56389,36.755
"unique_occ",-90.39,36.76
"unique_occ",117.04,36.76
"unique_occ",117.03,36.78
"unique_occ",117.02,36.79
"unique_occ",117.01,36.85
"unique_occ",-120.06028,36.96444
"unique_occ",-94.63944,36.98882
"unique_occ",-120.20222,36.99639
"unique_occ",-120,37
"unique_occ",-121,37
"unique_occ",-98.45931,37
"unique_occ",-112.43,37.02
"unique_occ",-99.48218,37.03612
"unique_occ",-99.76568,37.04363
"unique_occ",-101.90024,37.04508
"unique_occ",-97.34667,37.04964
"unique_occ",-97.9561,37.05449
"unique_occ",-100.92191,37.06087
"unique_occ",-98.37128,37.06879
"unique_occ",-100.55727,37.07308
"unique_occ",-98.37924,37.07516
"unique_occ",-101.67621,37.08185
"unique_occ",-101.62258,37.12
"unique_occ",-113.5776,37.1203
"unique_occ",-111.8606,37.12993
"unique_occ",-101.9261,37.13857
"unique_occ",-101.77477,37.15372
"unique_occ",-97.9561,37.156
"unique_occ",-112.9702,37.16407
"unique_occ",-100.4428,37.16758
"unique_occ",-100.4431,37.16803
"unique_occ",-120.9676373,37.17876628
"unique_occ",-120.9676073,37.17878627
"unique_occ",-98.96279,37.18537
"unique_occ",-94.47,37.19
"unique_occ",-113.7252,37.19271
"unique_occ",-101.34783,37.20604
"unique_occ",-100.3396,37.22797
"unique_occ",-100.3396,37.2568
"unique_occ",-109.23361,37.26083
"unique_occ",-96.04253,37.2712
"unique_occ",-109.521,37.28027
"unique_occ",-98.7258,37.28102
"unique_occ",-98.7344,37.28216
"unique_occ",-100.34002,37.28737
"unique_occ",-98.58172,37.30201
"unique_occ",-5.881195598,37.32873705
"unique_occ",-6.691210248,37.33872877
"unique_occ",-120.6052311,37.35289517
"unique_occ",-99.78596,37.38919
"unique_occ",-99.76528,37.39162
"unique_occ",-99.77583,37.40166
"unique_occ",-5.991198884,37.40873726
"unique_occ",-101.35894,37.41064
"unique_occ",-95.68,37.41833
"unique_occ",-6.121201383,37.41873607
"unique_occ",-99.11847,37.41951
"unique_occ",-99.0971,37.45711
"unique_occ",-100.83573,37.48037
"unique_occ",-97.643,37.4812
"unique_occ",-98.68158,37.48329
"unique_occ",-101.75015,37.52673
"unique_occ",22.95528,37.52889
"unique_occ",22.90333,37.53972
"unique_occ",-102.61995,37.57231
"unique_occ",22.8275,37.5725
"unique_occ",22.80278,37.57583
"unique_occ",-121.9825655,37.57834913
"unique_occ",-1.021109362,37.61879149
"unique_occ",-120.99583,37.63917
"unique_occ",-120.6136449,37.64358864
"unique_occ",-120.61291,37.64373
"unique_occ",-122.40033,37.69981
"unique_occ",-103.5253,37.71056
"unique_occ",-97.45082,37.71278
"unique_occ",-100.07221,37.71727
"unique_occ",-103.51632,37.71745
"unique_occ",-100.34739,37.73594
"unique_occ",-121.7237816,37.73781769
"unique_occ",-121.72302,37.73797
"unique_occ",-121.427555,37.74704988
"unique_occ",-98.54641,37.75932
"unique_occ",-99.98112,37.75964
"unique_occ",-98.52328,37.78493
"unique_occ",-102.6108,37.8523
"unique_occ",-98.18288,37.89123
"unique_occ",-99.44898,37.89186
"unique_occ",-101.27679,37.94052
"unique_occ",-121.7420647,37.946343
"unique_occ",-121.7054641,37.96084299
"unique_occ",-121.68332,37.9671
"unique_occ",-100.79223,37.97482
"unique_occ",-100.8655,37.97482
"unique_occ",-101.69943,37.98453
"unique_occ",-120.43611,37.99583
"unique_occ",-122,38
"unique_occ",-98,38
"unique_occ",-121,38
"unique_occ",-120,38
"unique_occ",-121.92028,38.02805
"unique_occ",-0.6611093,38.05880302
"unique_occ",-103.2217,38.0662
"unique_occ",-99.93184,38.08369
"unique_occ",-99.09802,38.16713
"unique_occ",-121.0839527,38.18194331
"unique_occ",-0.831115336,38.22880445
"unique_occ",-0.891116668,38.23880404
"unique_occ",-0.771114323,38.23880524
"unique_occ",-96.92558,38.23915
"unique_occ",-0.88608,38.24335
"unique_occ",-1.461127917,38.24879851
"unique_occ",-111.96,38.25
"unique_occ",21.73333,38.26667
"unique_occ",-0.541111259,38.3288092
"unique_occ",-120.98028,38.33111
"unique_occ",-102.8308,38.33173
"unique_occ",-96.64608,38.33727
"unique_occ",-0.441110096,38.37881112
"unique_occ",24.09694,38.38861
"unique_occ",-105.1318,38.3935
"unique_occ",23.74333,38.40528
"unique_occ",-99.8321,38.40926
"unique_occ",-105.2168,38.4425
"unique_occ",-98.65437,38.46954
"unique_occ",-101.69792,38.47055
"unique_occ",23.62333,38.47444
"unique_occ",-100.94342,38.48038
"unique_occ",-100.45016,38.48224
"unique_occ",-101.4318,38.48397
"unique_occ",23.66667,38.51667
"unique_occ",23.655,38.51861
"unique_occ",-99.19757,38.52084
"unique_occ",-121.75333,38.53667
"unique_occ",-121.7583929,38.5391904
"unique_occ",-121.71667,38.54167
"unique_occ",-121.5509,38.5683
"unique_occ",-121.42283,38.57583
"unique_occ",-6.6,38.6
"unique_occ",-121.76667,38.60167
"unique_occ",-97.989,38.61695
"unique_occ",-6.5282,38.68683
"unique_occ",-121.76833,38.71306
"unique_occ",22.67278,38.72722
"unique_occ",23.49972,38.73028
"unique_occ",-97.86889,38.73444
"unique_occ",23.47417,38.79111
"unique_occ",-100.6939,38.7957
"unique_occ",-120.02598,38.86521
"unique_occ",-101.94601,38.86618
"unique_occ",-99.05858,38.86814
"unique_occ",23.43639,38.87778
"unique_occ",22.49694,38.90028
"unique_occ",21.13333,38.91667
"unique_occ",-98.53646,38.94015
"unique_occ",22.30583,38.95194
"unique_occ",-95.23868,38.98617
"unique_occ",-122,39
"unique_occ",-100.62861,39.01125
"unique_occ",-96.23319,39.01665
"unique_occ",26.19588,39.01874
"unique_occ",-108.54763,39.08976
"unique_occ",-94.57833,39.09972
"unique_occ",25.91667,39.13333
"unique_occ",-121.7284903,39.1348988
"unique_occ",-92.91,39.14
"unique_occ",-92.90111,39.14389
"unique_occ",-94.39,39.16
"unique_occ",22.10139,39.18333
"unique_occ",22.05972,39.21111
"unique_occ",-102.95306,39.28639
"unique_occ",-121.505,39.31778
"unique_occ",-122.14833,39.37917
"unique_occ",-101.01732,39.39476
"unique_occ",-0.38695,39.40451
"unique_occ",-0.50298,39.40707
"unique_occ",-0.38358,39.49453
"unique_occ",-0.49976,39.49709
"unique_occ",-0.621132065,39.49883085
"unique_occ",-0.61595,39.49953
"unique_occ",-0.38,39.5
"unique_occ",-100.61984,39.50011
"unique_occ",-0.73216,39.50185
"unique_occ",-95.17616,39.52141
"unique_occ",-0.67,39.54
"unique_occ",-0.67,39.55
"unique_occ",21.82056,39.55778
"unique_occ",-0.585,39.558
"unique_occ",-0.619,39.577
"unique_occ",21.89611,39.57806
"unique_occ",-0.3802,39.58453
"unique_occ",-0.619,39.586
"unique_occ",-0.665,39.587
"unique_occ",-0.49653,39.5871
"unique_occ",-0.611133384,39.58883274
"unique_occ",-0.381128807,39.58883506
"unique_occ",-0.61287,39.58955
"unique_occ",-0.61,39.59
"unique_occ",-0.72923,39.59188
"unique_occ",21.76944,39.66278
"unique_occ",-0.26033,39.67185
"unique_occ",-121.7954905,39.75800656
"unique_occ",-121.79611,39.75861
"unique_occ",-0.161127283,39.75884068
"unique_occ",-0.141126882,39.75884088
"unique_occ",-0.14017,39.75903
"unique_occ",-121.79778,39.75944
"unique_occ",-0.14,39.76
"unique_occ",-0.25677,39.76185
"unique_occ",-121.59889,39.76389
"unique_occ",-122.23194,39.76722
"unique_occ",-0.72332,39.77194
"unique_occ",-0.18722,39.7825
"unique_occ",-122,40
"unique_occ",-0.03571,40.01499
"unique_occ",23.45,40.02
"unique_occ",0.008870002,40.1188497
"unique_occ",23.88897,40.16102
"unique_occ",-122.2232765,40.17294555
"unique_occ",-122.22247,40.17315
"unique_occ",23.72263,40.24727
"unique_occ",-3.64764,40.33305
"unique_occ",-3.65,40.36
"unique_occ",-3.65,40.37
"unique_occ",-3.64,40.37
"unique_occ",-3.642,40.374
"unique_occ",23.18333,40.46667
"unique_occ",22.95,40.48333
"unique_occ",22.85,40.48333
"unique_occ",22.86667,40.48333
"unique_occ",22.91667,40.5
"unique_occ",-112.35,40.54
"unique_occ",0.458871182,40.57886378
"unique_occ",0.408869816,40.59886369
"unique_occ",22.85,40.63333
"unique_occ",0.328863814,40.84886816
"unique_occ",0.368864454,40.85886878
"unique_occ",0.378864658,40.85886888
"unique_occ",24.15516,40.9728
"unique_occ",0.918870978,41.12888013
"unique_occ",0.908869179,41.21888198
"unique_occ",-0.03115028,41.22887264
"unique_occ",0.97,41.34
"unique_occ",2.098890597,41.40889807
"unique_occ",2.1,41.41
"unique_occ",2.218891536,41.49890125
"unique_occ",-0.901175975,41.66887323
"unique_occ",-0.901176346,41.68887367
"unique_occ",-0.871175738,41.68887398
"unique_occ",-0.861175535,41.68887409
"unique_occ",1.858879167,41.76890365
"unique_occ",-87.65,41.85
"unique_occ",3.06073,42.49481
"unique_occ",3.10222,42.5225
"unique_occ",3.18476,43.30401
"unique_occ",5.15839,43.37261
"unique_occ",3.80311,43.48112
"unique_occ",3.76771,43.52357
"unique_occ",3.92811,43.5701
"unique_occ",3.55776,43.66261
"unique_occ",14.53238,44.96391
"unique_occ",-117.89242,45.40962
"unique_occ",-119.2883,45.8406
"unique_occ",-116.9867,46.29093
"unique_occ",5.70748,50.8973
"unique_occ",3.79028,51.14168
"unique_occ",23.97839,61.53976
